docker.container,../resource/docker/container/preparer.go,../samples/dockerContainer.hcl,Preparer,../resource/docker/container/container.go,Container
docker.image,../resource/docker/image/preparer.go,../samples/dockerImage.hcl,Preparer,../resource/docker/image/image.go,Image
docker.volume,../resource/docker/volume/preparer.go,../samples/dockerVolume.hcl,Preparer,../resource/docker/volume/volume.go,Volume
docker.network,../resource/docker/network/preparer.go,../samples/dockerNetwork.hcl,Preparer,../resource/docker/network/network.go,Network
error,../resource/error/usererror.go,../samples/error.hcl,Preparer,../resource/error/usererror.go,UserError
error.plan,../resource/error/usererror.go,../samples/error.hcl,Preparer,../resource/error/usererror.go,UserError
error.apply,../resource/error/usererror.go,../samples/error.hcl,ApplyPreparer,../resource/error/usererror.go,UserError
file.content,../resource/file/content/preparer.go,../samples/fileContent.hcl,Preparer,../resource/file/content/content.go,Content
file.directory,../resource/file/directory/preparer.go,../samples/fileDirectory.hcl,Preparer,../resource/file/directory/directory.go,Directory
file.fetch,../resource/file/fetch/preparer.go,../samples/fileFetch.hcl,Preparer,../resource/file/fetch/fetch.go,Fetch
file.mode,../resource/file/mode/preparer.go,../samples/fileMode.hcl,Preparer,../resource/file/mode/mode.go,Mode
file.owner,../resource/file/owner/preparer.go,../samples/fileOwner.hcl,Preparer,../resource/file/owner/owner.go,Owner
filesystem,../resource/lvm/fs/preparer.go,../samples/lvm.hcl,Preparer,,
systemd.unit.state,../resource/systemd/unit/preparer.go,../samples/platform/linux/with-systemd/systemd.hcl,Prepaer,../resource/systemd/unit/resource.go,Resource
lvm.volumegroup,../resource/lvm/vg/preparer.go,../samples/lvm.hcl,Preparer,,
lvm.logicalvolume,../resource/lvm/lv/preparer.go,../samples/lvm.hcl,Preparer,,
module,../resource/module/preparer.go,../samples/sourceFile.hcl,Preparer,,
package.rpm,../resource/package/rpm/preparer.go,../samples/rpm.hcl,Preparer,../resource/package/package.go,Package
package.apt,../resource/package/apt/preparer.go,../samples/apt.hcl,Preparer,../resource/package/package.go,Package
param,../resource/param/preparer.go,../samples/basic.hcl,Preparer,,
task,../resource/shell/preparer.go,../samples/basic.hcl,Preparer,../resource/shell/shell.go,Shell
task.query,../resource/shell/query/preparer.go,../samples/query.hcl,Preparer,,
unarchive,../resource/unarchive/preparer.go,../samples/unarchive.hcl,Preparer,../resource/unarchive/unarchive.go,Unarchive
user.group,../resource/group/preparer.go,../samples/group.hcl,Preparer,../resource/group/group.go,Group
user.user,../resource/user/preparer.go,../samples/user.hcl,Preparer,../resource/user/user.go,User
wait.query,../resource/wait/preparer.go,../samples/wait.hcl,Preparer,,
wait.port,../resource/wait/port/preparer.go,../samples/waitPort.hcl,Preparer,../resource/wait/port/port.go,Port
